age, phone, name, date
51,(256) 953-5773,Lester Taylor,04/16/1996
41,(828) 469-7788,Lucas Gross,07/04/1926
30,(689) 914-3523,Carl Gross,04/04/1986
54,(665) 554-1514,Albert Bowers,03/08/1945
34,(254) 970-5552,Theresa Powers,02/06/2062
59,(251) 943-7924,Edna Hodges,04/23/1986
53,(983) 377-3970,Eddie Sims,11/04/2041
46,(555) 716-7434,Teresa Stewart,10/07/2065
32,(438) 929-9380,Adeline Williamson,12/23/1984
21,(415) 207-1835,Abbie Peterson,01/09/1996
51,(767) 826-2490,Florence Norman,03/22/2036
41,(649) 986-7107,Darrell Henderson,10/01/1975
52,(625) 953-8423,Harvey Wright,10/22/2007
34,(862) 881-5175,Robert White,07/21/1940
51,(442) 203-8485,Myra Henry,03/05/1957
55,(748) 575-6297,Landon Dawson,03/19/1920
38,(736) 275-8529,Juan Lucas,07/07/1959
34,(240) 707-9972,Lula Todd,06/10/2011
48,(523) 552-1452,Angel Gibson,12/14/1908
45,(310) 800-2030,Nina Henderson,07/30/2035
25,(770) 444-4301,Nancy Barber,08/21/1976
27,(965) 681-4994,Michael Nguyen,01/20/1920
49,(913) 441-6424,Loretta Hall,04/29/2047
23,(388) 651-1735,Adrian Pena,10/05/1967
21,(845) 832-2895,Marguerite Simon,03/23/2065
55,(708) 635-6444,Sarah Ruiz,04/06/2006
35,(958) 526-2815,Myra Watts,01/30/2034
50,(238) 588-5533,Ian Terry,11/09/2048
52,(982) 487-1436,Eva Campbell,05/29/1957
61,(980) 505-9614,Martha Parker,10/29/1973
19,(578) 711-9986,Mabelle Collins,02/11/1913
35,(426) 402-5225,Myrtle Tucker,03/16/2060
37,(934) 600-6424,Amy McDaniel,03/14/2064
62,(858) 264-9467,Caleb Dean,02/08/1922
59,(951) 505-7817,Marie Bishop,11/29/2045
63,(510) 578-9386,Derek Rodgers,12/13/1989
38,(646) 522-9684,Lena Crawford,04/20/2041
51,(242) 782-2154,Theresa Andrews,08/08/1923
64,(303) 930-2840,William Jefferson,11/30/1943
31,(524) 853-5777,Delia Reed,11/28/2063
49,(336) 304-7185,Calvin Thornton,12/09/2038
25,(757) 306-6013,Russell Gomez,11/27/1989
48,(212) 369-8221,Stanley Andrews,03/20/1908
32,(273) 879-8314,Oscar Wilson,01/12/2011
34,(335) 980-7542,Max Davidson,01/06/1931
50,(371) 875-1001,Belle McGuire,05/04/2040
39,(842) 422-3774,Winnie Morton,10/17/1938
55,(777) 515-2110,Gregory Morris,02/20/1946
28,(284) 853-2808,Nell Wise,01/01/1916
19,(661) 976-3594,David Doyle,11/21/1974
41,(676) 869-3267,Adam Carroll,04/18/2053
28,(440) 406-3504,Leon Johnston,12/05/1975
20,(535) 515-5532,Tom Matthews,03/12/2029
28,(601) 894-9235,Victor Figueroa,01/25/2017
55,(863) 872-9091,Ray Reeves,01/04/1923
34,(270) 547-3958,Bettie Rose,03/11/2032
43,(472) 804-5434,Lewis Mullins,01/09/1924
45,(714) 307-2394,Beatrice Fox,09/20/2061
41,(729) 769-3259,Carolyn Alvarez,03/28/2019
22,(639) 927-2651,Tommy Simpson,07/27/2065
60,(636) 589-4072,Minnie Bush,06/28/1968
32,(476) 293-3212,Effie Fernandez,12/27/2059
64,(783) 950-7129,Hulda Garner,03/08/1915
37,(825) 310-5930,Ricky Oliver,03/05/1998
38,(573) 330-6974,Isaiah Banks,08/05/2043
60,(867) 673-7519,Estelle Fuller,03/22/1935
19,(565) 571-6410,Allie Hale,05/23/1995
37,(632) 537-8055,Mayme Doyle,11/02/1908
39,(460) 671-5226,Charlie Christensen,02/19/2018
37,(519) 443-2267,Fred Miles,05/20/1962
46,(415) 229-8074,Mittie Hicks,07/31/1919
41,(721) 347-8459,Alex Bishop,05/04/1935
33,(816) 748-1056,Christine Evans,03/09/1949
45,(368) 757-1239,Amanda Vargas,09/11/2045
45,(424) 992-3527,Douglas Knight,10/08/1916
41,(237) 352-3371,Annie Moore,06/07/1954
48,(332) 430-3476,Alma Watson,12/06/1910
49,(648) 686-3049,Nicholas West,02/01/1955
56,(352) 323-2590,Christine Carroll,11/29/1956
53,(308) 269-2549,Roy Park,01/19/1998
42,(984) 409-7656,Teresa Johnson,04/24/1912
52,(556) 888-1447,Mario Harrington,04/28/2018
51,(283) 204-2417,Barbara Phillips,03/12/2056
34,(384) 562-9834,Ian Ray,05/24/1926
31,(719) 946-8235,Dorothy Ferguson,12/17/2065
55,(912) 938-9215,Augusta Summers,11/25/1913
44,(978) 941-7475,Dylan McDonald,06/19/1989
38,(433) 990-3182,Harriet Hill,03/15/1919
63,(357) 529-5334,Caleb Morgan,07/13/1991
51,(425) 753-3126,Bill Wise,07/22/1962
64,(348) 206-8291,Luis Aguilar,06/29/2031
48,(249) 864-8579,Lucy Hayes,01/19/1955
25,(386) 536-8929,Henrietta Larson,08/07/1979
44,(544) 697-2786,Ronald Bowers,02/26/1932
57,(826) 924-8489,Leo Lyons,12/10/2013
34,(388) 284-6086,Howard Murphy,05/05/1942
63,(649) 610-8573,Helena Padilla,07/19/1993
31,(860) 223-4768,Elva Logan,03/06/2021
41,(669) 220-4094,Luella Hudson,09/05/1928
40,(239) 894-8438,Patrick Caldwell,05/14/1996
